filter_mode,k_core,model,sampled_probe,source_rows,probe_rows,interaction_rows,train_pairs,validation_pairs,test_pairs,test_pr_auc,test_roc_auc,test_f1,test_precision,test_recall,test_balanced_accuracy
global_k_core,3,history_logistic_regression,True,858488,100000,71842,2909,3054,2820,0.13822918039252255,0.6230254163949229,0.21281216069489686,0.14561664190193166,0.3951612903225806,0.5857999297647118
global_k_core,5,history_logistic_regression,True,858488,100000,59835,2535,2674,2463,0.14726286241547162,0.6140207217350757,0.22045454545454546,0.15085536547433903,0.4092827004219409,0.5819998407770082
global_k_core,10,history_logistic_regression,True,858488,100000,43608,2022,2162,1983,0.13911360061606312,0.5986068401503378,0.21853388658367912,0.15221579961464354,0.3872549019607843,0.5699624706543663
history_safe_k_core,3,history_logistic_regression,True,858488,100000,58768,2683,2689,2270,0.14769761292131595,0.6302986193815888,0.22305764411027568,0.15110356536502548,0.4258373205741627,0.5916183206461303
history_safe_k_core,5,history_logistic_regression,True,858488,100000,46245,2216,2233,1889,0.15608479236804576,0.6213865546218488,0.226890756302521,0.15428571428571428,0.42857142857142855,0.5836974789915966
history_safe_k_core,10,history_logistic_regression,True,858488,100000,30168,1636,1625,1308,0.1594353613337557,0.6106568907695424,0.24408014571949,0.16962025316455695,0.43506493506493504,0.5754180827837674
